statement_num,type,status,duration,rows,preview,csv_file,json_file,error
1,USE,SUCCESS,0.28866,1.0,USE ROLE DEV_DEVELOPER;,,,
2,USE,SUCCESS,0.380595,1.0,USE WAREHOUSE DEV_WH;,,,
3,USE,SUCCESS,0.429038,1.0,USE DATABASE DEV_TRANSFORMATION;,,,
4,USE,SUCCESS,0.373865,1.0,USE SCHEMA METADATA;,,,
5,CREATE,SUCCESS,1.869948,1.0,"CREATE OR REPLACE TABLE METADATA_EXPORTS.SERVICE_SUMMARY_EXPORT AS SELECT     SERVICE_NAME,     TABL",,,
6,SELECT,SUCCESS,0.405461,21.0,SELECT * FROM METADATA_EXPORTS.SERVICE_SUMMARY_EXPORT;,stmt_006_select_20251024_030705.csv,stmt_006_select_20251024_030705.json,
7,SELECT,SUCCESS,1.050588,1.0,"SELECT     OBJECT_CONSTRUCT(         'export_date', CURRENT_TIMESTAMP(),         'total_services', C",stmt_007_select_20251024_030706.csv,stmt_007_select_20251024_030706.json,
8,CREATE,SUCCESS,2.046982,1.0,"CREATE OR REPLACE TABLE METADATA_EXPORTS.TABLE_CATALOG_EXPORT AS SELECT     SERVICE_NAME,     DATABA",,,
9,SELECT,SUCCESS,0.493275,180.0,SELECT * FROM METADATA_EXPORTS.TABLE_CATALOG_EXPORT;,stmt_009_select_20251024_030709.csv,stmt_009_select_20251024_030709.json,
10,CREATE,SUCCESS,1.477256,1.0,"CREATE OR REPLACE TABLE METADATA_EXPORTS.SENTINELONE_COLUMNS_EXPORT AS SELECT     TABLE_NAME,     CO",,,
11,SELECT,SUCCESS,0.3465,76.0,SELECT * FROM METADATA_EXPORTS.SENTINELONE_COLUMNS_EXPORT;,stmt_011_select_20251024_030711.csv,stmt_011_select_20251024_030711.json,
12,CREATE,SUCCESS,1.449932,1.0,"CREATE OR REPLACE TABLE METADATA_EXPORTS.CYBELANGEL_COLUMNS_EXPORT AS SELECT     TABLE_NAME,     COL",,,
13,SELECT,SUCCESS,0.924378,112.0,SELECT * FROM METADATA_EXPORTS.CYBELANGEL_COLUMNS_EXPORT;,stmt_013_select_20251024_030713.csv,stmt_013_select_20251024_030713.json,
14,CREATE,SUCCESS,1.917258,1.0,"CREATE OR REPLACE TABLE METADATA_EXPORTS.PROOFPOINT_COLUMNS_EXPORT AS SELECT     TABLE_NAME,     COL",,,
15,SELECT,SUCCESS,0.333294,23.0,SELECT * FROM METADATA_EXPORTS.PROOFPOINT_COLUMNS_EXPORT;,stmt_015_select_20251024_030715.csv,stmt_015_select_20251024_030715.json,
16,CREATE,SUCCESS,1.607932,1.0,"CREATE OR REPLACE TABLE METADATA_EXPORTS.SERVICENOW_COLUMNS_EXPORT AS SELECT     TABLE_NAME,     COL",,,
17,SELECT,SUCCESS,0.333742,36.0,SELECT * FROM METADATA_EXPORTS.SERVICENOW_COLUMNS_EXPORT;,stmt_017_select_20251024_030717.csv,stmt_017_select_20251024_030717.json,
18,CREATE,SUCCESS,1.737599,1.0,"CREATE OR REPLACE TABLE METADATA_EXPORTS.LEVIAT_COLUMNS_EXPORT AS SELECT     TABLE_NAME,     COLUMN_",,,
19,SELECT,SUCCESS,0.346637,146.0,SELECT * FROM METADATA_EXPORTS.LEVIAT_COLUMNS_EXPORT;,stmt_019_select_20251024_030719.csv,stmt_019_select_20251024_030719.json,
20,CREATE,SUCCESS,1.365768,1.0,"CREATE OR REPLACE TABLE METADATA_EXPORTS.TENABLE_COLUMNS_EXPORT AS SELECT     TABLE_NAME,     COLUMN",,,
21,SELECT,SUCCESS,0.585903,0.0,SELECT * FROM METADATA_EXPORTS.TENABLE_COLUMNS_EXPORT;,,,
22,CREATE,SUCCESS,1.232019,1.0,"CREATE OR REPLACE TABLE METADATA_EXPORTS.ALL_COLUMNS_EXPORT AS SELECT     SERVICE_NAME,     TABLE_NA",,,
23,SELECT,SUCCESS,0.601275,2206.0,SELECT * FROM METADATA_EXPORTS.ALL_COLUMNS_EXPORT;,stmt_023_select_20251024_030724.csv,stmt_023_select_20251024_030724.json,
24,SELECT,FAILED,0.0,,"SELECT     OBJECT_CONSTRUCT(         'extraction_date', CURRENT_TIMESTAMP(),         'services', (  ",,,"001003 (42000): SQL compilation error:
syntax error line 5 at position 12 unexpected 'SELECT'.
syntax error line 5 at position 29 unexpected '('."
25,CREATE,SUCCESS,1.670051,1.0,"CREATE OR REPLACE TABLE METADATA_EXPORTS.PROCEDURE_EXECUTION_LOG_EXPORT AS SELECT     LOG_ID,     PR",,,
26,SELECT,SUCCESS,0.328793,3.0,SELECT * FROM METADATA_EXPORTS.PROCEDURE_EXECUTION_LOG_EXPORT;,stmt_026_select_20251024_030727.csv,stmt_026_select_20251024_030727.json,
27,SELECT,FAILED,0.0,,"SELECT     OBJECT_CONSTRUCT(         'export_date', CURRENT_TIMESTAMP(),         'total_executions',",,,"001003 (42000): SQL compilation error:
syntax error line 16 at position 14 unexpected 'ORDER'.
syntax error line 17 at position 8 unexpected ')'."
28,CREATE,SUCCESS,1.157252,1.0,"CREATE OR REPLACE TABLE METADATA_EXPORTS.EXECUTION_STATISTICS_EXPORT AS SELECT     PROCEDURE_NAME,  ",,,
29,SELECT,SUCCESS,0.27026,1.0,SELECT * FROM METADATA_EXPORTS.EXECUTION_STATISTICS_EXPORT;,stmt_029_select_20251024_030728.csv,stmt_029_select_20251024_030728.json,
30,CREATE,SUCCESS,1.589183,1.0,CREATE OR REPLACE TABLE METADATA_EXPORTS.DAILY_EXECUTION_TREND_EXPORT AS SELECT     DATE(EXECUTION_S,,,
31,SELECT,SUCCESS,0.285347,1.0,SELECT * FROM METADATA_EXPORTS.DAILY_EXECUTION_TREND_EXPORT;,stmt_031_select_20251024_030730.csv,stmt_031_select_20251024_030730.json,
32,CREATE,SUCCESS,1.531712,1.0,"CREATE OR REPLACE TABLE METADATA_EXPORTS.TABLE_STATISTICS_EXPORT AS SELECT     tr.SERVICE_NAME,     ",,,
33,SELECT,SUCCESS,0.372475,180.0,SELECT * FROM METADATA_EXPORTS.TABLE_STATISTICS_EXPORT;,stmt_033_select_20251024_030732.csv,stmt_033_select_20251024_030732.json,
34,SELECT,FAILED,0.0,,"SELECT     OBJECT_CONSTRUCT(         'export_date', CURRENT_TIMESTAMP(),         'summary', OBJECT_C",,,"001003 (42000): SQL compilation error:
syntax error line 13 at position 12 unexpected 'SELECT'.
syntax error line 13 at position 28 unexpected '('."
35,CREATE,SUCCESS,2.069991,1.0,"CREATE OR REPLACE TABLE METADATA_EXPORTS.SERVICE_CATALOG_EXPORT AS SELECT     SERVICE_NAME,     SERV",,,
36,SELECT,SUCCESS,0.36599,21.0,SELECT * FROM METADATA_EXPORTS.SERVICE_CATALOG_EXPORT;,stmt_036_select_20251024_030735.csv,stmt_036_select_20251024_030735.json,
37,CREATE,SUCCESS,1.312264,1.0,"CREATE OR REPLACE TABLE METADATA_EXPORTS.MISSING_SERVICES_EXPORT AS SELECT     sc.SERVICE_NAME,     ",,,
38,SELECT,SUCCESS,0.315758,1.0,SELECT * FROM METADATA_EXPORTS.MISSING_SERVICES_EXPORT;,stmt_038_select_20251024_030736.csv,stmt_038_select_20251024_030736.json,
39,SELECT,SUCCESS,0.893575,33.0,"SELECT     TABLE_NAME,     ROW_COUNT,     CREATED as CREATED_DATE FROM DEV_TRANSFORMATION.INFORMATIO",stmt_039_select_20251024_030737.csv,stmt_039_select_20251024_030737.json,
