SERVICE_NAME,TABLE_NAME,SNAPSHOT_DATE,ROW_COUNT,COLUMN_COUNT,SIZE_BYTES,EXPORTED_AT
Proofpoint,L_PROOFPOINT_RAW,2025-10-24,0.0,10,,2025-10-24 06:07:30.741000+00:00
Proofpoint,PROOFPOINT_MESSAGE_LOGS,2025-10-24,206794.0,13,,2025-10-24 06:07:30.741000+00:00
Qualys,DIM_QUALYS_SEVERITY,2025-10-24,5.0,3,,2025-10-24 06:07:30.741000+00:00
Qualys,DIM_QUALYS_VULNERABILITIES,2025-10-24,210435.0,15,,2025-10-24 06:07:30.741000+00:00
Qualys,FACT_QUALYS,2025-10-24,20.0,17,,2025-10-24 06:07:30.741000+00:00
Qualys,FACT_QUALYS_HOST_SCANS,2025-10-24,833.0,5,,2025-10-24 06:07:30.741000+00:00
Qualys,HIST_QUALYS_HOST,2025-10-24,0.0,5,,2025-10-24 06:07:30.741000+00:00
Qualys,HIST_QUALYS_VULN,2025-10-24,0.0,5,,2025-10-24 06:07:30.741000+00:00
Qualys,L_QUALYS_SCANS_RAW,2025-10-24,0.0,13,,2025-10-24 06:07:30.741000+00:00
Qualys,QUALYS_CONSOLIDATED,2025-10-24,,14,,2025-10-24 06:07:30.741000+00:00
Qualys,QUALYS_CONSOLIDATED,2025-10-24,17483409.0,14,,2025-10-24 06:07:30.741000+00:00
Qualys,QUALYS_CONSOLIDATED_DIM,2025-10-24,833.0,39,,2025-10-24 06:07:30.741000+00:00
Qualys,QUALYS_HOST_DATA,2025-10-24,833.0,6,,2025-10-24 06:07:30.741000+00:00
Qualys,QUALYS_KB,2025-10-24,210538.0,27,,2025-10-24 06:07:30.741000+00:00
Qualys,QUALYS_KB_CONSOLIDATED,2025-10-24,0.0,28,,2025-10-24 06:07:30.741000+00:00
Qualys,QUALYS_OS,2025-10-24,833.0,4,,2025-10-24 06:07:30.741000+00:00
Qualys,QUALYS_OS_CONSOLIDATED,2025-10-24,0.0,9,,2025-10-24 06:07:30.741000+00:00
Qualys,QUALYS_VULN_KB_DATA,2025-10-24,210538.0,13,,2025-10-24 06:07:30.741000+00:00
Qualys,VW_QUALYS_COMPLIANCE,2025-10-24,,3,,2025-10-24 06:07:30.741000+00:00
Qualys,VW_QUALYS_REPORT,2025-10-24,,6,,2025-10-24 06:07:30.741000+00:00
SentinelOne,DIM_SENTINEL_VERSIONS,2025-10-24,38.0,2,,2025-10-24 06:07:30.741000+00:00
SentinelOne,FACT_SENTINEL_ENDPOINTS,2025-10-24,4188.0,12,,2025-10-24 06:07:30.741000+00:00
SentinelOne,HIST_SENTINEL_CHANGES,2025-10-24,0.0,6,,2025-10-24 06:07:30.741000+00:00
SentinelOne,L_SENTINELONE_RAW,2025-10-24,0.0,5,,2025-10-24 06:07:30.741000+00:00
SentinelOne,SENTINELONE,2025-10-24,4192.0,10,,2025-10-24 06:07:30.741000+00:00
SentinelOne,SENTINELONEVERSIONS,2025-10-24,108.0,3,,2025-10-24 06:07:30.741000+00:00
SentinelOne,SENTINEL_CONSOLIDATED,2025-10-24,4188.0,12,,2025-10-24 06:07:30.741000+00:00
SentinelOne,SENTINEL_DATA_QUALITY,2025-10-24,,6,,2025-10-24 06:07:30.741000+00:00
SentinelOne,VW_SENTINEL_ALERTS,2025-10-24,,2,,2025-10-24 06:07:30.741000+00:00
SentinelOne,VW_SENTINEL_DATA_QUALITY,2025-10-24,,6,,2025-10-24 06:07:30.741000+00:00
SentinelOne,VW_SENTINEL_REPORTING,2025-10-24,,12,,2025-10-24 06:07:30.741000+00:00
ServiceNow,SNOW,2025-10-24,24650.0,25,,2025-10-24 06:07:30.741000+00:00
ServiceNow,STG_SERVICENOW_INCIDENTS,2025-10-24,0.0,11,,2025-10-24 06:07:30.741000+00:00
Sophos,DIM_SOPHOS_ENDPOINTS,2025-10-24,741.0,8,,2025-10-24 06:07:30.741000+00:00
Sophos,HIST_SOPHOS,2025-10-24,0.0,6,,2025-10-24 06:07:30.741000+00:00
Sophos,SOPHOS,2025-10-24,741.0,7,,2025-10-24 06:07:30.741000+00:00
Sophos,VW_SOPHOS_DATA_QUALITY,2025-10-24,,4,,2025-10-24 06:07:30.741000+00:00
Sophos,VW_SOPHOS_ENDPOINT_HEALTH,2025-10-24,,3,,2025-10-24 06:07:30.741000+00:00
Sophos,VW_SOPHOS_SECURITY_ALERTS,2025-10-24,,4,,2025-10-24 06:07:30.741000+00:00
Splunk,DIM_SPLUNK_HOSTS,2025-10-24,4913.0,5,,2025-10-24 06:07:30.741000+00:00
Splunk,FACT_SPLUNK_ALERTS,2025-10-24,16436.0,11,,2025-10-24 06:07:30.741000+00:00
Splunk,FACT_SPLUNK_ALERTS_WEEKLY,2025-10-24,16436.0,13,,2025-10-24 06:07:30.741000+00:00
Splunk,HIST_SPLUNK_ALERTS,2025-10-24,0.0,5,,2025-10-24 06:07:30.741000+00:00
Splunk,HIST_SPLUNK_HOSTS,2025-10-24,0.0,5,,2025-10-24 06:07:30.741000+00:00
Splunk,L_SPLUNK_ALERTS_RAW,2025-10-24,0.0,9,,2025-10-24 06:07:30.741000+00:00
Splunk,SPLUNK,2025-10-24,4913.0,3,,2025-10-24 06:07:30.741000+00:00
Splunk,SPLUNK_ALERTS,2025-10-24,16436.0,13,,2025-10-24 06:07:30.741000+00:00
Splunk,SPLUNK_EU,2025-10-24,2127.0,3,,2025-10-24 06:07:30.741000+00:00
Splunk,SPLUNK_EU_OLD,2025-10-24,2086.0,3,,2025-10-24 06:07:30.741000+00:00
Splunk,SPLUNK_OLD,2025-10-24,4281.0,3,,2025-10-24 06:07:30.741000+00:00
Splunk,VW_SPLUNK_DATA_QUALITY,2025-10-24,,4,,2025-10-24 06:07:30.741000+00:00
Symantec,DIM_SYMANTEC_ENDPOINTS,2025-10-24,22571.0,19,,2025-10-24 06:07:30.741000+00:00
Symantec,FACT_SYMANTEC_THREATS,2025-10-24,1261614.0,12,,2025-10-24 06:07:30.741000+00:00
Symantec,HIST_SYMANTEC_ENDPOINTS,2025-10-24,0.0,5,,2025-10-24 06:07:30.741000+00:00
Symantec,SYMANTEC_COMPUTERS,2025-10-24,22571.0,77,,2025-10-24 06:07:30.741000+00:00
Symantec,SYMANTEC_CONSOLIDATED,2025-10-24,29981.0,93,,2025-10-24 06:07:30.741000+00:00
Symantec,SYMANTEC_CONSOLIDATED,2025-10-24,,81,,2025-10-24 06:07:30.741000+00:00
Symantec,SYMANTEC_DEVICE,2025-10-24,0.0,65,,2025-10-24 06:07:30.741000+00:00
Symantec,SYMANTEC_THREATS,2025-10-24,1261614.0,11,,2025-10-24 06:07:30.741000+00:00
Symantec,VW_SYMANTEC_CONSOLIDATED,2025-10-24,,93,,2025-10-24 06:07:30.741000+00:00
Trellix,DIM_TRELLIX_ENDPOINTS,2025-10-24,34235.0,8,,2025-10-24 06:07:30.741000+00:00
Trellix,HIST_TRELLIX,2025-10-24,0.0,6,,2025-10-24 06:07:30.741000+00:00
Trellix,TRELLIX,2025-10-24,34235.0,7,,2025-10-24 06:07:30.741000+00:00
Trellix,VW_TRELLIX_DATA_QUALITY,2025-10-24,,5,,2025-10-24 06:07:30.741000+00:00
Trellix,VW_TRELLIX_ENDPOINT_STATUS,2025-10-24,,6,,2025-10-24 06:07:30.741000+00:00
Trellix,VW_TRELLIX_SECURITY_ALERTS,2025-10-24,,4,,2025-10-24 06:07:30.741000+00:00
TrendMicro,DIM_TRENDMICRO_VERSIONS,2025-10-24,6.0,2,,2025-10-24 06:07:30.741000+00:00
TrendMicro,FACT_TRENDMICRO_ENDPOINTS,2025-10-24,267.0,16,,2025-10-24 06:07:30.741000+00:00
TrendMicro,HIST_TRENDMICRO_CHANGES,2025-10-24,0.0,5,,2025-10-24 06:07:30.741000+00:00
TrendMicro,TRENDMICRO_CONSOLIDATED,2025-10-24,267.0,16,,2025-10-24 06:07:30.741000+00:00
TrendMicro,TRENDMICRO_DATA_QUALITY,2025-10-24,,12,,2025-10-24 06:07:30.741000+00:00
TrendMicro,TREND_MICRO,2025-10-24,267.0,15,,2025-10-24 06:07:30.741000+00:00
TrendMicro,VW_TRENDMICRO_ALERTS,2025-10-24,,2,,2025-10-24 06:07:30.741000+00:00
TrendMicro,VW_TRENDMICRO_DATA_QUALITY,2025-10-24,,7,,2025-10-24 06:07:30.741000+00:00
TrendMicro,VW_TRENDMICRO_REPORTING,2025-10-24,,16,,2025-10-24 06:07:30.741000+00:00
ZeroFox,DIM_ZEROFOX_ASSETS,2025-10-24,121.0,32,,2025-10-24 06:07:30.741000+00:00
ZeroFox,FACT_ZEROFOX_ALERTS,2025-10-24,0.0,25,,2025-10-24 06:07:30.741000+00:00
ZeroFox,HIST_ZEROFOX_ALERTS,2025-10-24,0.0,5,,2025-10-24 06:07:30.741000+00:00
ZeroFox,HIST_ZEROFOX_ASSETS,2025-10-24,0.0,5,,2025-10-24 06:07:30.741000+00:00
ZeroFox,VW_ZEROFOX_ALERT_SUMMARY,2025-10-24,,6,,2025-10-24 06:07:30.741000+00:00
ZeroFox,VW_ZEROFOX_DATA_QUALITY,2025-10-24,,4,,2025-10-24 06:07:30.741000+00:00
ZeroFox,VW_ZEROFOX_SECURITY_ALERTS,2025-10-24,,5,,2025-10-24 06:07:30.741000+00:00
ZeroFox,ZEROFOXALERTS,2025-10-24,209329.0,51,,2025-10-24 06:07:30.741000+00:00
ZeroFox,ZERO_FOX_OVERVIEW,2025-10-24,121.0,32,,2025-10-24 06:07:30.741000+00:00
Zscaler,DIM_ZSCALER_ENDPOINTS,2025-10-24,24984.0,10,,2025-10-24 06:07:30.741000+00:00
Zscaler,FACT_ZSCALER_THREATS,2025-10-24,4802616.0,13,,2025-10-24 06:07:30.741000+00:00
Zscaler,HIST_ZSCALER_ENDPOINTS,2025-10-24,0.0,5,,2025-10-24 06:07:30.741000+00:00
Zscaler,HIST_ZSCALER_THREATS,2025-10-24,0.0,5,,2025-10-24 06:07:30.741000+00:00
Zscaler,ZSCALER_CONSOLIDATED,2025-10-24,1811281.0,44,,2025-10-24 06:07:30.741000+00:00
Zscaler,ZSCALER_DAILY_THREATS,2025-10-24,2401308.0,11,,2025-10-24 06:07:30.741000+00:00
Ancon,AD_COMPUTERS_ANCON,2025-10-24,842.0,4,,2025-10-24 06:07:30.741000+00:00
Ancon,ANCON,2025-10-24,995.0,22,,2025-10-24 06:07:30.741000+00:00
Ancon,DIM_ANCON_USERS,2025-10-24,995.0,20,,2025-10-24 06:07:30.741000+00:00
Ancon,HIST_ANCON_USERS,2025-10-24,0.0,5,,2025-10-24 06:07:30.741000+00:00
Ancon,VW_ANCON_DATA_QUALITY,2025-10-24,,5,,2025-10-24 06:07:30.741000+00:00
Ancon,VW_ANCON_KEY_QUALITY,2025-10-24,,4,,2025-10-24 06:07:30.741000+00:00
Ancon,VW_ANCON_SECURITY_ALERTS,2025-10-24,,4,,2025-10-24 06:07:30.741000+00:00
Ancon,VW_ANCON_USER_STATUS,2025-10-24,,7,,2025-10-24 06:07:30.741000+00:00
BitSight,BITSIGHTFINDINGS,2025-10-24,1219.0,9,,2025-10-24 06:07:30.741000+00:00
BitSight,DIM_BITSIGHT_RISK_VECTORS,2025-10-24,7.0,3,,2025-10-24 06:07:30.741000+00:00
BitSight,FACT_BITSIGHT_FINDINGS,2025-10-24,1219.0,11,,2025-10-24 06:07:30.741000+00:00
BitSight,HIST_BITSIGHT_FINDINGS,2025-10-24,0.0,6,,2025-10-24 06:07:30.741000+00:00
BitSight,VW_BITSIGHT_CURRENT_FINDINGS,2025-10-24,,10,,2025-10-24 06:07:30.741000+00:00
BitSight,VW_BITSIGHT_DATA_QUALITY,2025-10-24,,4,,2025-10-24 06:07:30.741000+00:00
BitSight,VW_BITSIGHT_SECURITY_ALERTS,2025-10-24,,5,,2025-10-24 06:07:30.741000+00:00
Cisco_AMP,AMP_DD_MM_YYYY,2025-10-24,32671.0,17,,2025-10-24 06:07:30.741000+00:00
Cisco_AMP,AMP_MM_DD_YYYY,2025-10-24,0.0,16,,2025-10-24 06:07:30.741000+00:00
Cisco_AMP,AMP_VERSIONS,2025-10-24,38.0,2,,2025-10-24 06:07:30.741000+00:00
Cisco_AMP,APG_AMP,2025-10-24,4644.0,16,,2025-10-24 06:07:30.741000+00:00
Cisco_AMP,CISCO_AMP,2025-10-24,4948.0,13,,2025-10-24 06:07:30.741000+00:00
Cisco_AMP,CISCO_AMP_DATA,2025-10-24,,7,,2025-10-24 06:07:30.741000+00:00
Cisco_AMP,CRH_AMAT_SERVERS_AMP_060123,2025-10-24,1488.0,16,,2025-10-24 06:07:30.741000+00:00
Cisco_AMP,CRH_AMAT_WORKSTATIONS_AMP_06012,2025-10-24,14650.0,16,,2025-10-24 06:07:30.741000+00:00
Cisco_AMP,DIM_CISCO_AMP,2025-10-24,4948.0,7,,2025-10-24 06:07:30.741000+00:00
Cisco_AMP,HIST_CISCO_AMP,2025-10-24,0.0,6,,2025-10-24 06:07:30.741000+00:00
Cisco_AMP,VIEWS_CATALOG_WITH_SAMPLES,2025-10-24,83.0,8,,2025-10-24 06:07:30.741000+00:00
Cisco_AMP,VW_CISCO_AMP_COMPLIANCE,2025-10-24,,3,,2025-10-24 06:07:30.741000+00:00
Cisco_AMP,VW_CISCO_AMP_REPORT,2025-10-24,,6,,2025-10-24 06:07:30.741000+00:00
CrowdStrike,BOL_CROWDSTRIKE,2025-10-24,1203.0,58,,2025-10-24 06:07:30.741000+00:00
CrowdStrike,BOL_CROWDSTRIKE_OLD,2025-10-24,1113.0,56,,2025-10-24 06:07:30.741000+00:00
CrowdStrike,CROWDSTRIKE,2025-10-24,1203.0,58,,2025-10-24 06:07:30.741000+00:00
CrowdStrike,CROWDSTRIKEVERSIONS,2025-10-24,13.0,2,,2025-10-24 06:07:30.741000+00:00
CrowdStrike,CROWDSTRIKE_ENDPOINTS,2025-10-24,,14,,2025-10-24 06:07:30.741000+00:00
CrowdStrike,CROWDSTRIKE_VERSIONS,2025-10-24,,4,,2025-10-24 06:07:30.741000+00:00
CrowdStrike,DIM_CROWDSTRIKE_ENDPOINTS,2025-10-24,3609.0,14,,2025-10-24 06:07:30.741000+00:00
CrowdStrike,DIM_CROWDSTRIKE_VERSIONS,2025-10-24,13.0,4,,2025-10-24 06:07:30.741000+00:00
CrowdStrike,HIST_CROWDSTRIKE_ENDPOINTS,2025-10-24,0.0,5,,2025-10-24 06:07:30.741000+00:00
CrowdStrike,HIST_CROWDSTRIKE_VERSIONS,2025-10-24,0.0,5,,2025-10-24 06:07:30.741000+00:00
CrowdStrike,L_CROWDSTRIKE_RAW,2025-10-24,0.0,5,,2025-10-24 06:07:30.741000+00:00
CrowdStrike,VW_CROWDSTRIKE_COMPLIANCE,2025-10-24,,4,,2025-10-24 06:07:30.741000+00:00
CrowdStrike,VW_CROWDSTRIKE_REPORT,2025-10-24,,9,,2025-10-24 06:07:30.741000+00:00
CybelAngel,CYBELANGELALERTS,2025-10-24,196.0,48,,2025-10-24 06:07:30.741000+00:00
CybelAngel,DIM_CYBELANGEL_ALERTS,2025-10-24,196.0,20,,2025-10-24 06:07:30.741000+00:00
CybelAngel,FACT_CYBELANGEL_THREATS,2025-10-24,0.0,14,,2025-10-24 06:07:30.741000+00:00
CybelAngel,HIST_CYBELANGEL_ALERTS,2025-10-24,0.0,5,,2025-10-24 06:07:30.741000+00:00
CybelAngel,HIST_CYBELANGEL_THREATS,2025-10-24,0.0,5,,2025-10-24 06:07:30.741000+00:00
CybelAngel,VW_CYBELANGEL_ACTIVE_THREATS,2025-10-24,,6,,2025-10-24 06:07:30.741000+00:00
CybelAngel,VW_CYBELANGEL_ALERT_SUMMARY,2025-10-24,,6,,2025-10-24 06:07:30.741000+00:00
CybelAngel,VW_CYBELANGEL_CRITICAL_ALERTS,2025-10-24,,4,,2025-10-24 06:07:30.741000+00:00
CybelAngel,VW_CYBELANGEL_DATA_QUALITY,2025-10-24,,4,,2025-10-24 06:07:30.741000+00:00
Defender,DEFENDERAV,2025-10-24,8210.0,10,,2025-10-24 06:07:30.741000+00:00
Defender,DEFENDERAV_OLD,2025-10-24,9902.0,5,,2025-10-24 06:07:30.741000+00:00
Defender,DEFENDER_THREATS_ARCHIVE,2025-10-24,0.0,12,,2025-10-24 06:07:30.741000+00:00
Defender,DEFENDER_THREATS_LANDING,2025-10-24,0.0,10,,2025-10-24 06:07:30.741000+00:00
Defender,DIM_DEFENDER_ENDPOINTS,2025-10-24,8210.0,11,,2025-10-24 06:07:30.741000+00:00
Defender,FACT_DEFENDER_THREATS,2025-10-24,1.0,8,,2025-10-24 06:07:30.741000+00:00
Defender,HIST_DEFENDER_ENDPOINTS,2025-10-24,0.0,5,,2025-10-24 06:07:30.741000+00:00
Defender,VW_DEFENDER_ALERTS,2025-10-24,,2,,2025-10-24 06:07:30.741000+00:00
Defender,VW_DEFENDER_COMPLIANCE_SUMMARY,2025-10-24,,2,,2025-10-24 06:07:30.741000+00:00
Defender,VW_DEFENDER_DATA_QUALITY,2025-10-24,,2,,2025-10-24 06:07:30.741000+00:00
Defender,VW_DEFENDER_ENDPOINT_STATUS,2025-10-24,,5,,2025-10-24 06:07:30.741000+00:00
Intel_Threats,FACT_THREAT_INTEL_EVENTS,2025-10-24,1065690.0,9,,2025-10-24 06:07:30.741000+00:00
Intel_Threats,FACT_THREAT_INTEL_SUMMARY,2025-10-24,542.0,6,,2025-10-24 06:07:30.741000+00:00
Intel_Threats,HIST_THREAT_INTEL_EVENTS,2025-10-24,0.0,5,,2025-10-24 06:07:30.741000+00:00
Intel_Threats,HIST_THREAT_INTEL_SUMMARY,2025-10-24,0.0,5,,2025-10-24 06:07:30.741000+00:00
Intel_Threats,THREAT_INTEL_EVENTS,2025-10-24,1065741.0,7,,2025-10-24 06:07:30.741000+00:00
Intel_Threats,THREAT_INTEL_SUMMARY,2025-10-24,543.0,4,,2025-10-24 06:07:30.741000+00:00
Intel_Threats,VW_THREAT_INTEL_ALERTS,2025-10-24,,5,,2025-10-24 06:07:30.741000+00:00
Intel_Threats,VW_THREAT_INTEL_DATA_QUALITY,2025-10-24,,4,,2025-10-24 06:07:30.741000+00:00
Leviat,AD_COMPUTERS_LEVIAT,2025-10-24,2996.0,4,,2025-10-24 06:07:30.741000+00:00
Leviat,DIM_LEVIAT_LIST_USERS,2025-10-24,0.0,15,,2025-10-24 06:07:30.741000+00:00
Leviat,DIM_LEVIAT_LIST_USERS,2025-10-24,0.0,15,,2025-10-24 06:07:30.741000+00:00
Leviat,DIM_LEVIAT_USERS,2025-10-24,0.0,15,,2025-10-24 06:07:30.741000+00:00
Leviat,DIM_LEVIAT_USERS,2025-10-24,0.0,15,,2025-10-24 06:07:30.741000+00:00
Leviat,FACT_LEVIAT_SECURITY_EVENTS,2025-10-24,0.0,6,,2025-10-24 06:07:30.741000+00:00
Leviat,FACT_LEVIAT_SECURITY_EVENTS,2025-10-24,0.0,6,,2025-10-24 06:07:30.741000+00:00
Leviat,HIST_LEVIAT_USERS,2025-10-24,0.0,6,,2025-10-24 06:07:30.741000+00:00
Leviat,HIST_LEVIAT_USERS,2025-10-24,0.0,6,,2025-10-24 06:07:30.741000+00:00
Leviat,LEVIAT,2025-10-24,0.0,22,,2025-10-24 06:07:30.741000+00:00
Leviat,LEVIAT,2025-10-24,0.0,22,,2025-10-24 06:07:30.741000+00:00
Leviat,VW_LEVIAT_DATA_QUALITY,2025-10-24,,4,,2025-10-24 06:07:30.741000+00:00
Leviat,VW_LEVIAT_DATA_QUALITY,2025-10-24,,4,,2025-10-24 06:07:30.741000+00:00
Leviat,VW_LEVIAT_SECURITY_ALERTS,2025-10-24,,3,,2025-10-24 06:07:30.741000+00:00
Leviat,VW_LEVIAT_SECURITY_ALERTS,2025-10-24,,3,,2025-10-24 06:07:30.741000+00:00
McAfee,DIM_MCAFEE_ENDPOINTS,2025-10-24,292.0,8,,2025-10-24 06:07:30.741000+00:00
McAfee,HIST_MCAFEE_ENDPOINTS,2025-10-24,0.0,6,,2025-10-24 06:07:30.741000+00:00
McAfee,MCAFEE,2025-10-24,292.0,7,,2025-10-24 06:07:30.741000+00:00
McAfee,VW_MCAFEE_COMPLIANCE_STATUS,2025-10-24,,5,,2025-10-24 06:07:30.741000+00:00
McAfee,VW_MCAFEE_DATA_QUALITY,2025-10-24,,5,,2025-10-24 06:07:30.741000+00:00
McAfee,VW_MCAFEE_SECURITY_ALERTS,2025-10-24,,4,,2025-10-24 06:07:30.741000+00:00
