SERVICE_NAME,TABLE_COUNT,COLUMN_COUNT,TOTAL_ROWS,PK_COUNT,FK_COUNT,SERVICE_COLOR
Qualys,18,226,256391108,0,0,#4ECDC4
Leviat,15,146,11984,0,0,#CCCCCC
Cisco_AMP,13,133,987619,0,0,#CCCCCC
CrowdStrike,13,238,252480,0,0,#FF6B6B
Splunk,12,77,672918,0,0,#CCCCCC
SentinelOne,11,76,142832,0,0,#FF6B6B
Defender,11,72,221928,0,0,#CCCCCC
CybelAngel,9,112,13328,0,0,#FFE66D
Symantec,9,456,33972171,0,0,#CCCCCC
TrendMicro,9,91,12561,0,0,#CCCCCC
ZeroFox,9,165,10683523,0,0,#CCCCCC
Ancon,8,71,45158,0,0,#CCCCCC
Intel_Threats,8,45,17056821,0,0,#CCCCCC
BitSight,7,48,24401,0,0,#CCCCCC
Sophos,6,32,11115,0,0,#CCCCCC
McAfee,6,35,4380,0,0,#CCCCCC
Trellix,6,36,513525,0,0,#CCCCCC
Zscaler,6,88,168794600,0,0,#A8E6CF
ServiceNow,2,36,616250,0,0,#74B9FF
Proofpoint,2,23,2688322,0,0,#CCCCCC
