statement_num,type,status,duration,rows,preview,csv_file,json_file
1,USE,SUCCESS,0.485982,1,USE DATABASE DEV_TRANSFORMATION;,,
2,USE,SUCCESS,0.338058,1,USE SCHEMA SERVICENOW;,,
3,CREATE,SUCCESS,4.643901,1,"CREATE TABLE IF NOT EXISTS INCIDENTS_RAW (     incident_number VARCHAR(100),     sys_id VARCHAR(100)",,
4,CREATE,SUCCESS,0.701745,1,"CREATE TABLE IF NOT EXISTS CHANGE_REQUESTS_RAW (     change_number VARCHAR(100),     sys_id VARCHAR(",,
5,CREATE,SUCCESS,0.805424,1,"CREATE TABLE IF NOT EXISTS USERS_RAW (     user_id VARCHAR(100),     sys_id VARCHAR(100),     user_n",,
6,CREATE,SUCCESS,1.219866,1,"CREATE TABLE IF NOT EXISTS CONFIGURATION_ITEMS_RAW (     ci_sys_id VARCHAR(100),     name VARCHAR(50",,
7,CREATE,SUCCESS,1.632221,1,"CREATE TABLE IF NOT EXISTS INCIDENTS (     incident_number VARCHAR(100) PRIMARY KEY,     sys_id VARC",,
8,CREATE,SUCCESS,0.767948,1,"CREATE TABLE IF NOT EXISTS CHANGE_REQUESTS (     change_number VARCHAR(100) PRIMARY KEY,     sys_id ",,
9,CREATE,SUCCESS,0.859662,1,"CREATE TABLE IF NOT EXISTS USERS (     user_id VARCHAR(100) PRIMARY KEY,     sys_id VARCHAR(100) UNI",,
10,CREATE,SUCCESS,0.893545,1,"CREATE TABLE IF NOT EXISTS CONFIGURATION_ITEMS (     ci_sys_id VARCHAR(100) PRIMARY KEY,     name VA",,
11,CREATE,SUCCESS,1.355355,1,"CREATE TABLE IF NOT EXISTS CONNECTOR_SYNC_LOG (     sync_id INTEGER AUTOINCREMENT PRIMARY KEY,     t",,
12,CREATE,SUCCESS,0.846639,1,"CREATE TABLE IF NOT EXISTS CONNECTOR_CONFIG (     config_id INTEGER AUTOINCREMENT PRIMARY KEY,     t",,
13,INSERT,SUCCESS,0.88046,7,"INSERT INTO CONNECTOR_CONFIG (table_name, is_enabled, sync_frequency_minutes, notes) VALUES     ('in",,
14,OTHER,SUCCESS,0.291257,10,SHOW TABLES IN SCHEMA DEV_TRANSFORMATION.SERVICENOW;,,
15,SELECT,SUCCESS,0.353367,1,SELECT '✅ DEV_TRANSFORMATION.SERVICENOW setup complete' AS status;,stmt_015_select_20251024_154321.csv,stmt_015_select_20251024_154321.json
16,USE,SUCCESS,0.418944,1,USE DATABASE DEV_REPORTING;,,
17,USE,SUCCESS,0.335789,1,USE SCHEMA SERVICENOW;,,
18,CREATE,SUCCESS,0.948937,1,"CREATE OR REPLACE VIEW VW_ACTIVE_INCIDENTS AS SELECT     incident_number,     short_description,    ",,
19,CREATE,SUCCESS,0.928187,1,"CREATE OR REPLACE VIEW VW_INCIDENT_METRICS_BY_PRIORITY AS SELECT     priority,     COUNT(*) AS total",,
20,CREATE,SUCCESS,0.882968,1,"CREATE OR REPLACE VIEW VW_CHANGE_CALENDAR AS SELECT     change_number,     short_description,     ty",,
21,CREATE,SUCCESS,0.71556,1,"CREATE OR REPLACE VIEW VW_CMDB_INVENTORY AS SELECT     ci_class,     category,     operational_statu",,
22,CREATE,SUCCESS,0.692702,1,"CREATE OR REPLACE VIEW VW_USER_ACTIVITY AS SELECT     u.user_name,     u.email,     u.department,   ",,
23,CREATE,SUCCESS,1.219273,1,"CREATE OR REPLACE VIEW VW_DAILY_INCIDENT_TREND AS SELECT     DATE(opened_at) AS incident_date,     C",,
24,OTHER,SUCCESS,0.357252,6,SHOW VIEWS IN SCHEMA DEV_REPORTING.SERVICENOW;,,
25,SELECT,SUCCESS,0.240602,1,SELECT '✅ DEV_REPORTING.SERVICENOW setup complete' AS status;,stmt_025_select_20251024_154328.csv,stmt_025_select_20251024_154328.json
26,SELECT,SUCCESS,1.213964,3,"SELECT 'ServiceNow Setup' AS component, 'Complete' AS status UNION ALL SELECT 'DEV_TRANSFORMATION.SE",stmt_026_select_20251024_154329.csv,stmt_026_select_20251024_154329.json
27,SELECT,SUCCESS,0.38852,1,SELECT '✅ Setup complete!' AS final_status;,stmt_027_select_20251024_154329.csv,stmt_027_select_20251024_154329.json
