Work Item Type,Title,State,Priority,Area Path,Iteration Path,Description,Acceptance Criteria,Tags
Epic,ITSECKPI Data Warehouse Implementation,Active,1,GIS-ITSECKPI-DW,Sprint 1,"Complete implementation of the IT Security KPI Data Warehouse with 550+ database objects, 15 security service integrations, and Top 13 NIST CSF 2.0 KPIs","All database objects deployed, All security services integrated, All KPIs operational, Documentation complete","snowflake,security,kpi,nist-csf"
Feature,3-Layer Architecture Implementation,Active,1,GIS-ITSECKPI-DW,Sprint 1,"Implement the 3-layer data warehouse architecture: Landing, Transformation, and Reporting layers","Landing layer: 141 tables deployed, Transformation layer: 32 dimensions + 23 facts, Reporting layer: 148 views, All layers tested and validated","architecture,snowflake,data-warehouse"
User Story,Deploy Landing Layer Tables,Active,1,GIS-ITSECKPI-DW,Sprint 1,"Deploy all 141 landing layer tables for raw data ingestion from 15 security services","All landing tables created, Primary keys defined, Data types validated, Test data loaded","landing,sql,deployment"
User Story,Deploy Transformation Dimensions,Active,1,GIS-ITSECKPI-DW,Sprint 1,"Deploy 32 dimension tables with SCD Type 2 tracking","All 32 dimensions created, SCD Type 2 logic implemented, Foreign keys established, Historical tracking verified","transformation,dimensions,scd-type-2"
User Story,Deploy Transformation Facts,Active,1,GIS-ITSECKPI-DW,Sprint 1,"Deploy 23 fact tables for metrics and measurements","All 23 facts created, Fact grain defined, Measures validated, Referential integrity enforced","transformation,facts,metrics"
User Story,Deploy Reporting Views,Active,1,GIS-ITSECKPI-DW,Sprint 1,"Deploy 148 business-ready reporting views","All 148 views created, Business logic validated, Query performance <1 sec, Documentation complete","reporting,views,analytics"
Feature,Security Service Integrations,Active,1,GIS-ITSECKPI-DW,Sprint 2,"Integrate 15 security services: CrowdStrike, Qualys, Splunk, BitSight, ZeroFox, and 10 more","All 15 services connected, Data ingestion working, Snowpipes configured, Batch loads scheduled","security-services,integration,api"
User Story,Integrate CrowdStrike EDR,Active,1,GIS-ITSECKPI-DW,Sprint 2,"Set up CrowdStrike EDR integration with real-time Snowpipe","Snowpipe configured, API connection tested, Data flowing to landing, Endpoint data validated","crowdstrike,edr,snowpipe"
User Story,Integrate Qualys Vulnerability Management,Active,1,GIS-ITSECKPI-DW,Sprint 2,"Set up Qualys VM integration for vulnerability scanning data","API connection established, 1.2M vulnerabilities loaded, Scheduled refresh working, CVE tracking operational","qualys,vulnerability,vm"
User Story,Integrate Splunk SIEM,Active,2,GIS-ITSECKPI-DW,Sprint 2,"Set up Splunk SIEM integration for log analytics","Splunk API connected, Log data ingestion configured, Event parsing working, Alert correlation enabled","splunk,siem,logs"
User Story,Integrate BitSight Security Ratings,Active,2,GIS-ITSECKPI-DW,Sprint 2,"Set up BitSight integration for security posture ratings","Daily ratings refresh, Historical tracking enabled, Rating trends calculated, Dashboard ready","bitsight,ratings,posture"
User Story,Integrate ZeroFox Threat Intelligence,Active,2,GIS-ITSECKPI-DW,Sprint 2,"Set up ZeroFox integration for external threat monitoring","Threat feed connected, External threats tracked, Alert correlation working, Dashboard integrated","zerofox,threat-intel,external"
Feature,Automation Framework,Active,1,GIS-ITSECKPI-DW,Sprint 3,"Implement automation framework with 52 objects: procedures, functions, and tasks","52 automation objects deployed, 98.1% success rate, Task orchestration working, Error handling complete","automation,tasks,orchestration"
User Story,Deploy Stored Procedures,Active,1,GIS-ITSECKPI-DW,Sprint 3,"Deploy 19 stored procedures for ETL transformations","All 19 procedures created, Error handling implemented, Logging to ETL_PIPELINE_LOG, Performance tuned","procedures,etl,transformations"
User Story,Deploy User-Defined Functions,Active,1,GIS-ITSECKPI-DW,Sprint 3,"Deploy 21 functions for reusable analytics and calculations","All 21 functions created, Unit tests passed, Documentation complete, Performance validated","functions,analytics,calculations"
User Story,Deploy Scheduled Tasks,Active,1,GIS-ITSECKPI-DW,Sprint 3,"Deploy 12 scheduled tasks for automated ETL orchestration","All 12 tasks created, Dependencies configured, Schedules set (2-7 AM), Monitoring enabled","tasks,scheduling,orchestration"
User Story,Configure Snowpipe for Real-time Ingestion,Active,1,GIS-ITSECKPI-DW,Sprint 3,"Configure 5 Snowpipe endpoints for real-time data ingestion","5 Snowpipes configured, SNS triggers set up, Auto-ingest working, Latency <5 min","snowpipe,real-time,ingestion"
Feature,Top 13 NIST CSF 2.0 KPIs,Active,1,GIS-ITSECKPI-DW,Sprint 4,"Implement Top 13 Executive KPIs aligned with NIST Cybersecurity Framework 2.0","All 13 KPIs calculated, Views created, Dashboards ready, Target thresholds set","kpi,nist-csf,executives"
User Story,Implement Identify KPIs,Active,1,GIS-ITSECKPI-DW,Sprint 4,"Implement KPI #1-2: Asset Inventory Completeness, Critical Asset Coverage","Both KPIs calculated, CMDB integration working, Coverage metrics validated, Dashboard tiles created","identify,asset-management,cmdb"
User Story,Implement Protect KPIs,Active,1,GIS-ITSECKPI-DW,Sprint 4,"Implement KPI #3-5: Patch Compliance, EDR Coverage, MFA Adoption","All 3 KPIs calculated, Compliance tracking working, EDR coverage at 87.3%, MFA metrics validated","protect,compliance,edr,mfa"
User Story,Implement Detect KPIs,Active,1,GIS-ITSECKPI-DW,Sprint 4,"Implement KPI #6-7: MTTD, Security Alert Volume","MTTD calculation working, Alert volume trending, Baseline established, Thresholds set","detect,mttd,alerts,siem"
User Story,Implement Respond KPIs,Active,1,GIS-ITSECKPI-DW,Sprint 4,"Implement KPI #8-9: MTTR, Incident Response Rate","MTTR calculation working, SLA tracking enabled, Response rate at 95%, Escalation metrics validated","respond,mttr,incident-response,sla"
User Story,Implement Recover KPIs,Active,1,GIS-ITSECKPI-DW,Sprint 4,"Implement KPI #10-11: Recovery Time, Vulnerability Remediation Time","Recovery time tracked, Remediation metrics working, Average 30 days for critical CVEs, Trends visible","recover,mttr,remediation,cve"
User Story,Implement Governance KPIs,Active,1,GIS-ITSECKPI-DW,Sprint 4,"Implement KPI #12-13: Policy Compliance, Security Training","Compliance scoring working, Training completion tracked, 90% compliance target, Dashboard integrated","governance,compliance,training,policy"
Feature,Data Quality Framework,Active,2,GIS-ITSECKPI-DW,Sprint 5,"Implement comprehensive data quality framework with automated monitoring","Quality score 72.3%, Automated checks running, Alerting configured, Scorecard dashboards ready","data-quality,monitoring,validation"
User Story,Implement Completeness Checks,Active,2,GIS-ITSECKPI-DW,Sprint 5,"Implement completeness checks for null detection and record counts","Null checks running, Record count validation, Completeness score 85.2%, Alerts configured","completeness,null-check,validation"
User Story,Implement Accuracy Validation,Active,2,GIS-ITSECKPI-DW,Sprint 5,"Implement accuracy validation with constraint and PK/FK checks","Constraint validation working, PK/FK enforcement, Accuracy score 78.1%, Error logging enabled","accuracy,constraints,validation"
User Story,Implement Timeliness Monitoring,Active,2,GIS-ITSECKPI-DW,Sprint 5,"Implement freshness checks and SLA tracking","Freshness checks running, SLA tracking enabled, Timeliness score 91.4%, Stale data alerts configured","timeliness,freshness,sla"
User Story,Implement Consistency Checks,Active,2,GIS-ITSECKPI-DW,Sprint 5,"Implement cross-table reconciliation and consistency validation","Reconciliation working, Cross-table checks, Consistency score 88.7%, Variance alerts enabled","consistency,reconciliation,validation"
Feature,ServiceNow Integration,Active,2,GIS-ITSECKPI-DW,Sprint 6,"Integrate ServiceNow CMDB for asset inventory and incident management","19 new objects created, CMDB sync working, Incident tracking enabled, 4 KPIs enhanced","servicenow,cmdb,integration"
User Story,Deploy ServiceNow Landing Tables,Active,2,GIS-ITSECKPI-DW,Sprint 6,"Deploy 6 landing tables for ServiceNow data","All 6 tables created, API integration working, Data syncing hourly, Schema validated","servicenow,landing,tables"
User Story,Deploy ServiceNow Dimensions,Active,2,GIS-ITSECKPI-DW,Sprint 6,"Deploy 3 ServiceNow dimensions for incidents, devices, and changes","All 3 dimensions created, SCD Type 2 enabled, Historical tracking working, Foreign keys established","servicenow,dimensions,scd"
User Story,Deploy ServiceNow ETL Procedures,Active,2,GIS-ITSECKPI-DW,Sprint 6,"Deploy 5 ETL procedures for ServiceNow data transformations","All 5 procedures created, Incremental loads working, Error handling complete, Performance tuned","servicenow,etl,procedures"
Feature,Streamlit Data Quality Dashboards,Active,2,GIS-ITSECKPI-DW,Sprint 7,"Deploy 12 Streamlit applications for data quality validation","All 12 apps deployed, Interactive filtering working, CSV export enabled, CRH branding applied","streamlit,dashboards,data-quality"
User Story,Deploy CrowdStrike Dashboard,Active,2,GIS-ITSECKPI-DW,Sprint 7,"Deploy Streamlit dashboard for CrowdStrike EDR coverage analysis","Dashboard deployed, Endpoint risk analysis working, Coverage metrics visible, Export functional","crowdstrike,streamlit,dashboard"
User Story,Deploy Qualys Dashboard,Active,2,GIS-ITSECKPI-DW,Sprint 7,"Deploy Streamlit dashboard for Qualys vulnerability management","Dashboard deployed, Vulnerability trending working, Patch compliance visible, Export functional","qualys,streamlit,dashboard"
User Story,Deploy Splunk Dashboard,Active,3,GIS-ITSECKPI-DW,Sprint 7,"Deploy Streamlit dashboard for Splunk SIEM analytics","Dashboard deployed, Log analytics working, Threat detection metrics, Export functional","splunk,streamlit,dashboard"
Feature,Power BI Dashboards,Active,2,GIS-ITSECKPI-DW,Sprint 8,"Deploy 8 categories of Power BI dashboards for executives and operations","All 8 categories created, Direct Query configured, Refresh working, RLS implemented","powerbi,dashboards,executives"
User Story,Deploy Executive Dashboards,Active,2,GIS-ITSECKPI-DW,Sprint 8,"Deploy C-level KPI scorecards in Power BI","Executive dashboard deployed, All 13 KPIs visible, Trend charts working, Mobile optimized","executive,powerbi,kpi"
User Story,Deploy Security Operations Dashboards,Active,2,GIS-ITSECKPI-DW,Sprint 8,"Deploy SOC operational metrics dashboards","SOC dashboard deployed, Real-time alerts visible, Incident tracking working, Drill-down enabled","soc,powerbi,operations"
Feature,CI/CD Pipeline Setup,Active,2,GIS-ITSECKPI-DW,Sprint 9,"Set up Azure DevOps CI/CD pipelines for automated validation and deployment","CI pipeline working, CD pipeline configured, Snowflake deployment automated, Approvals configured","cicd,azure-devops,pipelines"
User Story,Configure CI Validation Pipeline,Active,2,GIS-ITSECKPI-DW,Sprint 9,"Configure continuous integration pipeline for code validation","CI pipeline created, Python linting working, SQL validation enabled, Auto-trigger on commits","ci,validation,quality"
User Story,Configure CD Deployment Pipeline,Active,2,GIS-ITSECKPI-DW,Sprint 9,"Configure continuous deployment pipeline to Snowflake","CD pipeline created, Manual trigger configured, Approval gates set, Environment variables secure","cd,deployment,snowflake"
User Story,Set Up Snowflake Service Connection,Active,2,GIS-ITSECKPI-DW,Sprint 9,"Configure secure service connection to Snowflake","Service connection created, Credentials secured, Variable groups configured, Connection tested","snowflake,service-connection,security"
Feature,Documentation & Wiki,Active,2,GIS-ITSECKPI-DW,Sprint 10,"Create comprehensive documentation in Azure DevOps Wiki","Wiki published, Architecture documented, Deployment guide complete, Troubleshooting available","documentation,wiki,guides"
User Story,Set Up Azure DevOps Wiki,Active,2,GIS-ITSECKPI-DW,Sprint 10,"Publish code as wiki in Azure DevOps","Wiki published, Navigation working, Code references functional, Search enabled","wiki,documentation,setup"
User Story,Create Architecture Documentation,Active,2,GIS-ITSECKPI-DW,Sprint 10,"Document complete technical architecture with diagrams","Architecture page complete, All diagrams included, Technology stack documented, Data flow explained","architecture,documentation,diagrams"
User Story,Create Deployment Guide,Active,2,GIS-ITSECKPI-DW,Sprint 10,"Create step-by-step deployment guide","Deployment guide complete, All phases documented, Validation steps included, Rollback procedures documented","deployment,guide,documentation"
User Story,Create Troubleshooting Guide,Active,2,GIS-ITSECKPI-DW,Sprint 10,"Document common issues and solutions","Troubleshooting guide complete, Common issues documented, Solutions validated, FAQ included","troubleshooting,support,documentation"
Task,Review and approve Epic scope,New,2,GIS-ITSECKPI-DW,Sprint 1,"Review Epic scope and approve for implementation","Epic scope reviewed and approved","review,approval"
Task,Set up development environment,New,1,GIS-ITSECKPI-DW,Sprint 1,"Set up Snowflake development environment with all required objects","Dev environment configured and tested","setup,environment"
Task,Configure Git repository,New,1,GIS-ITSECKPI-DW,Sprint 1,"Configure Git repository with proper structure and .gitignore","Repository configured correctly","git,setup"
Task,Set up Azure DevOps project,New,1,GIS-ITSECKPI-DW,Sprint 1,"Create and configure Azure DevOps project","Azure DevOps project created and configured","azure-devops,setup"
Bug,Fix duplicate folder numbering in DEV,New,3,GIS-ITSECKPI-DW,Sprint 1,"Clean up duplicate numbered folders (03_, 04_, etc.) in DEV environment","Duplicate folders removed, structure matches PRD","cleanup,structure,bug"
