check_num,check_name,query_num,query_type,status,duration,rows,columns,csv_file,json_file,preview,error
0,SETUP,1,USE,SUCCESS,0.342601,1.0,1.0,check_00_SETUP_query_1.csv,check_00_SETUP_query_1.json,USE ROLE DEV_DEVELOPER;,
0,SETUP,2,USE,SUCCESS,0.280762,1.0,1.0,check_00_SETUP_query_2.csv,check_00_SETUP_query_2.json,USE WAREHOUSE DEV_WH;,
0,SETUP,3,USE,SUCCESS,0.400987,1.0,1.0,check_00_SETUP_query_3.csv,check_00_SETUP_query_3.json,USE DATABASE DEV_TRANSFORMATION;,
0,SETUP,4,USE,SUCCESS,0.507695,1.0,1.0,check_00_SETUP_query_4.csv,check_00_SETUP_query_4.json,USE SCHEMA METADATA;,
1,CHECK 1: Verify Procedure Exists,1,SHOW,SUCCESS,0.284587,1.0,16.0,check_01_CHECK_1_Verify_Procedure_Exists_query_1.csv,check_01_CHECK_1_Verify_Procedure_Exists_query_1.json,SHOW PROCEDURES LIKE 'SP_REFRESH_METADATA';,
2,CHECK 2: Verify Procedure Signature (Run immediately after CHECK 1),1,SELECT,FAILED,,,,,,"SELECT     '✅ PROCEDURE DETAILS' as CHECK_NAME,     name as PROCEDURE_NAME,     arguments as ARGUMEN","000904 (42000): SQL compilation error: error line 3 at position 4
invalid identifier 'NAME'"
3,CHECK 3: View Most Recent Execution Log,1,SELECT,SUCCESS,0.256933,1.0,1.0,check_03_CHECK_3_View_Most_Recent_Execution_Log_query_1.csv,check_03_CHECK_3_View_Most_Recent_Execution_Log_query_1.json,SELECT '✅ CHECK 3: MOST RECENT EXECUTION' as CHECK_NAME;,
3,CHECK 3: View Most Recent Execution Log,2,SELECT,SUCCESS,0.256667,1.0,11.0,check_03_CHECK_3_View_Most_Recent_Execution_Log_query_2.csv,check_03_CHECK_3_View_Most_Recent_Execution_Log_query_2.json,"SELECT     LOG_ID,     PROCEDURE_NAME,     EXECUTION_START,     EXECUTION_END,     EXECUTION_DURATIO",
4,CHECK 4: Compare Execution History,1,SELECT,SUCCESS,0.703908,1.0,1.0,check_04_CHECK_4_Compare_Execution_History_query_1.csv,check_04_CHECK_4_Compare_Execution_History_query_1.json,SELECT '✅ CHECK 4: EXECUTION HISTORY' as CHECK_NAME;,
4,CHECK 4: Compare Execution History,2,SELECT,SUCCESS,0.295439,3.0,9.0,check_04_CHECK_4_Compare_Execution_History_query_2.csv,check_04_CHECK_4_Compare_Execution_History_query_2.json,"SELECT     LOG_ID,     EXECUTION_START,     EXECUTION_DURATION_SECONDS,     STATUS,     TABLES_PROCE",
5,CHECK 5: Verify Metadata Tables Are Populated,1,SELECT,SUCCESS,0.249294,1.0,1.0,check_05_CHECK_5_Verify_Metadata_Tables_Are_Populated_query_1.csv,check_05_CHECK_5_Verify_Metadata_Tables_Are_Populated_query_1.json,SELECT '✅ CHECK 5: METADATA TABLES POPULATED' as CHECK_NAME;,
5,CHECK 5: Verify Metadata Tables Are Populated,2,SELECT,SUCCESS,0.321669,4.0,4.0,check_05_CHECK_5_Verify_Metadata_Tables_Are_Populated_query_2.csv,check_05_CHECK_5_Verify_Metadata_Tables_Are_Populated_query_2.json,"SELECT     'TABLE_REGISTRY' as TABLE_NAME,     COUNT(*) as ROW_COUNT,     180 as EXPECTED_COUNT,    ",
6,CHECK 6: Verify Execution Details (JSON),1,SELECT,SUCCESS,0.769413,1.0,1.0,check_06_CHECK_6_Verify_Execution_Details_JSON_query_1.csv,check_06_CHECK_6_Verify_Execution_Details_JSON_query_1.json,SELECT '✅ CHECK 6: EXECUTION DETAILS JSON' as CHECK_NAME;,
6,CHECK 6: Verify Execution Details (JSON),2,SELECT,SUCCESS,0.257146,1.0,6.0,check_06_CHECK_6_Verify_Execution_Details_JSON_query_2.csv,check_06_CHECK_6_Verify_Execution_Details_JSON_query_2.json,"SELECT     LOG_ID,     EXECUTION_DETAILS:tables_processed::NUMBER as TABLES_FROM_JSON,     EXECUTION",
7,CHECK 7: Verify Services Detected,1,SELECT,SUCCESS,0.214668,1.0,1.0,check_07_CHECK_7_Verify_Services_Detected_query_1.csv,check_07_CHECK_7_Verify_Services_Detected_query_1.json,SELECT '✅ CHECK 7: SERVICES DETECTED' as CHECK_NAME;,
7,CHECK 7: Verify Services Detected,2,SELECT,SUCCESS,0.303996,20.0,3.0,check_07_CHECK_7_Verify_Services_Detected_query_2.csv,check_07_CHECK_7_Verify_Services_Detected_query_2.json,"SELECT     SERVICE_NAME,     COUNT(*) as TABLE_COUNT,     SUM(ROW_COUNT) as TOTAL_ROWS FROM TABLE_RE",
8,CHECK 8: Verify Views Are Working,1,SELECT,SUCCESS,0.674446,1.0,1.0,check_08_CHECK_8_Verify_Views_Are_Working_query_1.csv,check_08_CHECK_8_Verify_Views_Are_Working_query_1.json,SELECT '✅ CHECK 8: VIEWS WORKING' as CHECK_NAME;,
8,CHECK 8: Verify Views Are Working,2,SELECT,SUCCESS,0.45836,1.0,1.0,check_08_CHECK_8_Verify_Views_Are_Working_query_2.csv,check_08_CHECK_8_Verify_Views_Are_Working_query_2.json,SELECT COUNT(*) as SERVICE_COUNT FROM VW_SERVICE_SUMMARY;,
8,CHECK 8: Verify Views Are Working,3,SELECT,SUCCESS,0.242023,1.0,1.0,check_08_CHECK_8_Verify_Views_Are_Working_query_3.csv,check_08_CHECK_8_Verify_Views_Are_Working_query_3.json,SELECT COUNT(*) as TABLE_COUNT FROM VW_TABLE_CATALOG;,
8,CHECK 8: Verify Views Are Working,4,SELECT,SUCCESS,0.312251,1.0,1.0,check_08_CHECK_8_Verify_Views_Are_Working_query_4.csv,check_08_CHECK_8_Verify_Views_Are_Working_query_4.json,SELECT COUNT(*) as COLUMN_COUNT FROM VW_COLUMN_CATALOG;,
9,CHECK 9: Performance Check,1,SELECT,SUCCESS,0.251197,1.0,1.0,check_09_CHECK_9_Performance_Check_query_1.csv,check_09_CHECK_9_Performance_Check_query_1.json,SELECT '✅ CHECK 9: PERFORMANCE METRICS' as CHECK_NAME;,
9,CHECK 9: Performance Check,2,SELECT,SUCCESS,0.337825,5.0,3.0,check_09_CHECK_9_Performance_Check_query_2.csv,check_09_CHECK_9_Performance_Check_query_2.json,"WITH latest_execution AS (     SELECT         TABLES_PROCESSED,         COLUMNS_PROCESSED,         E",
10,CHECK 10: Final Summary,1,SELECT,SUCCESS,0.230239,1.0,1.0,check_10_CHECK_10_Final_Summary_query_1.csv,check_10_CHECK_10_Final_Summary_query_1.json,SELECT '📊 FINAL SUMMARY' as CHECK_NAME;,
10,CHECK 10: Final Summary,2,SELECT,SUCCESS,0.288327,1.0,6.0,check_10_CHECK_10_Final_Summary_query_2.csv,check_10_CHECK_10_Final_Summary_query_2.json,"WITH latest_execution AS (     SELECT         STATUS,         TABLES_PROCESSED,         COLUMNS_PROC",
