SERVICE_NAME,TABLE_NAME,COLUMN_NAME,DATA_TYPE,KEY_INDICATOR,ORDINAL_POSITION
CrowdStrike,BOL_CROWDSTRIKE,HOSTNAME,TEXT,,1
CrowdStrike,BOL_CROWDSTRIKE,LAST_SEEN,TEXT,,2
CrowdStrike,BOL_CROWDSTRIKE,FIRST_SEEN,TEXT,,3
CrowdStrike,BOL_CROWDSTRIKE,PLATFORM,TEXT,,4
CrowdStrike,BOL_CROWDSTRIKE,OS_VERSION,TEXT,,5
CrowdStrike,BOL_CROWDSTRIKE,OS_BUILD,TEXT,,6
CrowdStrike,BOL_CROWDSTRIKE,OS_PRODUCT_NAME,TEXT,,7
CrowdStrike,BOL_CROWDSTRIKE,KERNEL_VERSION,TEXT,,8
CrowdStrike,BOL_CROWDSTRIKE,MODEL,TEXT,,9
CrowdStrike,BOL_CROWDSTRIKE,MANUFACTURER,TEXT,,10
CrowdStrike,BOL_CROWDSTRIKE,TYPE,TEXT,,11
CrowdStrike,BOL_CROWDSTRIKE,CHASSIS,TEXT,,12
CrowdStrike,BOL_CROWDSTRIKE,LAST_REBOOT,TEXT,,13
CrowdStrike,BOL_CROWDSTRIKE,OU,TEXT,,14
CrowdStrike,BOL_CROWDSTRIKE,SITE,TEXT,,15
CrowdStrike,BOL_CROWDSTRIKE,PREVENTION_POLICY,TEXT,,16
CrowdStrike,BOL_CROWDSTRIKE,RESPONSE_POLICY,TEXT,,17
CrowdStrike,BOL_CROWDSTRIKE,SENSOR_UPDATE_POLICY,TEXT,,18
CrowdStrike,BOL_CROWDSTRIKE,USB_DEVICE_POLICY,TEXT,,19
CrowdStrike,BOL_CROWDSTRIKE,KUBERNETES_ADMISSION_CONTROL_POLICY,TEXT,,20
CrowdStrike,BOL_CROWDSTRIKE,HOST_ID,TEXT,,21
CrowdStrike,BOL_CROWDSTRIKE,LOCAL_IP,TEXT,,22
CrowdStrike,BOL_CROWDSTRIKE,CONNECTION_IP,TEXT,,23
CrowdStrike,BOL_CROWDSTRIKE,DEFAULT_GATEWAY_IP,TEXT,,24
CrowdStrike,BOL_CROWDSTRIKE,EXTERNAL_IP,TEXT,,25
CrowdStrike,BOL_CROWDSTRIKE,DOMAIN,TEXT,,26
CrowdStrike,BOL_CROWDSTRIKE,MAC_ADDRESS,TEXT,,27
CrowdStrike,BOL_CROWDSTRIKE,CONNECTION_MAC_ADDRESS,TEXT,,28
CrowdStrike,BOL_CROWDSTRIKE,STATUS,TEXT,,29
CrowdStrike,BOL_CROWDSTRIKE,CPUID,TEXT,,30
CrowdStrike,BOL_CROWDSTRIKE,SERIAL_NUMBER,TEXT,,31
CrowdStrike,BOL_CROWDSTRIKE,SENSOR_VERSION,TEXT,,32
CrowdStrike,BOL_CROWDSTRIKE,SENSOR_TAGS,TEXT,,33
CrowdStrike,BOL_CROWDSTRIKE,CLOUD_SERVICE_PROVIDER,TEXT,,34
CrowdStrike,BOL_CROWDSTRIKE,CLOUD_SERVICE_ACCOUNT_ID,TEXT,,35
CrowdStrike,BOL_CROWDSTRIKE,CLOUD_SERVICE_INSTANCE_ID,TEXT,,36
CrowdStrike,BOL_CROWDSTRIKE,CLOUD_SERVICE_ZONE_GROUP,TEXT,,37
CrowdStrike,BOL_CROWDSTRIKE,KUBERNETES_CLUSTER_ID,TEXT,,38
CrowdStrike,BOL_CROWDSTRIKE,KUBERNETES_SERVER_GIT_VERSION,TEXT,,39
CrowdStrike,BOL_CROWDSTRIKE,KUBERNETES_SERVER_VERSION,TEXT,,40
CrowdStrike,BOL_CROWDSTRIKE,RFM,TEXT,,41
CrowdStrike,BOL_CROWDSTRIKE,LINUX_SENSOR_MODE,TEXT,,42
CrowdStrike,BOL_CROWDSTRIKE,DEPLOYMENT_TYPE,TEXT,,43
CrowdStrike,BOL_CROWDSTRIKE,EMAIL,TEXT,,44
CrowdStrike,BOL_CROWDSTRIKE,POD_ID,TEXT,,45
CrowdStrike,BOL_CROWDSTRIKE,POD_NAME,TEXT,,46
CrowdStrike,BOL_CROWDSTRIKE,POD_NAMESPACE,TEXT,,47
CrowdStrike,BOL_CROWDSTRIKE,POD_LABELS,TEXT,,48
CrowdStrike,BOL_CROWDSTRIKE,POD_ANNOTATIONS,TEXT,,49
CrowdStrike,BOL_CROWDSTRIKE,POD_IP4,TEXT,,50
CrowdStrike,BOL_CROWDSTRIKE,POD_IP6,TEXT,,51
CrowdStrike,BOL_CROWDSTRIKE,POD_HOSTNAME,TEXT,,52
CrowdStrike,BOL_CROWDSTRIKE,POD_HOST_IP4,TEXT,,53
CrowdStrike,BOL_CROWDSTRIKE,POD_HOST_IP6,TEXT,,54
CrowdStrike,BOL_CROWDSTRIKE,POD_SERVICE_ACCOUNT_NAME,TEXT,,55
CrowdStrike,BOL_CROWDSTRIKE,HOST_GROUPS,TEXT,,56
CrowdStrike,BOL_CROWDSTRIKE,LAST_LOGGED_IN_USER_ACCOUNT,TEXT,,57
CrowdStrike,BOL_CROWDSTRIKE,LAST_USER_ACCOUNT_LOGIN,TEXT,,58
CrowdStrike,BOL_CROWDSTRIKE_OLD,HOSTNAME,TEXT,,1
CrowdStrike,BOL_CROWDSTRIKE_OLD,LAST_SEEN,TEXT,,2
CrowdStrike,BOL_CROWDSTRIKE_OLD,FIRST_SEEN,TEXT,,3
CrowdStrike,BOL_CROWDSTRIKE_OLD,PLATFORM,TEXT,,4
CrowdStrike,BOL_CROWDSTRIKE_OLD,OS_VERSION,TEXT,,5
CrowdStrike,BOL_CROWDSTRIKE_OLD,OS_BUILD,TEXT,,6
CrowdStrike,BOL_CROWDSTRIKE_OLD,OS_PRODUCT_NAME,TEXT,,7
CrowdStrike,BOL_CROWDSTRIKE_OLD,KERNEL_VERSION,TEXT,,8
CrowdStrike,BOL_CROWDSTRIKE_OLD,MODEL,TEXT,,9
CrowdStrike,BOL_CROWDSTRIKE_OLD,MANUFACTURER,TEXT,,10
CrowdStrike,BOL_CROWDSTRIKE_OLD,TYPE,TEXT,,11
CrowdStrike,BOL_CROWDSTRIKE_OLD,CHASSIS,TEXT,,12
CrowdStrike,BOL_CROWDSTRIKE_OLD,LAST_REBOOT,TEXT,,13
CrowdStrike,BOL_CROWDSTRIKE_OLD,OU,TEXT,,14
CrowdStrike,BOL_CROWDSTRIKE_OLD,SITE,TEXT,,15
CrowdStrike,BOL_CROWDSTRIKE_OLD,PREVENTION_POLICY,TEXT,,16
CrowdStrike,BOL_CROWDSTRIKE_OLD,RESPONSE_POLICY,TEXT,,17
CrowdStrike,BOL_CROWDSTRIKE_OLD,SENSOR_UPDATE_POLICY,TEXT,,18
CrowdStrike,BOL_CROWDSTRIKE_OLD,USB_DEVICE_POLICY,TEXT,,19
CrowdStrike,BOL_CROWDSTRIKE_OLD,KUBERNETES_ADMISSION_CONTROL_POLICY,TEXT,,20
CrowdStrike,BOL_CROWDSTRIKE_OLD,HOST_ID,TEXT,,21
CrowdStrike,BOL_CROWDSTRIKE_OLD,LOCAL_IP,TEXT,,22
CrowdStrike,BOL_CROWDSTRIKE_OLD,CONNECTION_IP,TEXT,,23
CrowdStrike,BOL_CROWDSTRIKE_OLD,DEFAULT_GATEWAY_IP,TEXT,,24
CrowdStrike,BOL_CROWDSTRIKE_OLD,EXTERNAL_IP,TEXT,,25
CrowdStrike,BOL_CROWDSTRIKE_OLD,DOMAIN,TEXT,,26
CrowdStrike,BOL_CROWDSTRIKE_OLD,MAC_ADDRESS,TEXT,,27
CrowdStrike,BOL_CROWDSTRIKE_OLD,CONNECTION_MAC_ADDRESS,TEXT,,28
CrowdStrike,BOL_CROWDSTRIKE_OLD,STATUS,TEXT,,29
CrowdStrike,BOL_CROWDSTRIKE_OLD,CPUID,TEXT,,30
CrowdStrike,BOL_CROWDSTRIKE_OLD,SERIAL_NUMBER,TEXT,,31
CrowdStrike,BOL_CROWDSTRIKE_OLD,SENSOR_VERSION,TEXT,,32
CrowdStrike,BOL_CROWDSTRIKE_OLD,SENSOR_TAGS,TEXT,,33
CrowdStrike,BOL_CROWDSTRIKE_OLD,CLOUD_SERVICE_PROVIDER,TEXT,,34
CrowdStrike,BOL_CROWDSTRIKE_OLD,CLOUD_SERVICE_ACCOUNT_ID,TEXT,,35
CrowdStrike,BOL_CROWDSTRIKE_OLD,CLOUD_SERVICE_INSTANCE_ID,TEXT,,36
CrowdStrike,BOL_CROWDSTRIKE_OLD,CLOUD_SERVICE_ZONE_GROUP,TEXT,,37
CrowdStrike,BOL_CROWDSTRIKE_OLD,KUBERNETES_CLUSTER_ID,TEXT,,38
CrowdStrike,BOL_CROWDSTRIKE_OLD,KUBERNETES_SERVER_GIT_VERSION,TEXT,,39
CrowdStrike,BOL_CROWDSTRIKE_OLD,KUBERNETES_SERVER_VERSION,TEXT,,40
CrowdStrike,BOL_CROWDSTRIKE_OLD,RFM,TEXT,,41
CrowdStrike,BOL_CROWDSTRIKE_OLD,LINUX_SENSOR_MODE,TEXT,,42
CrowdStrike,BOL_CROWDSTRIKE_OLD,DEPLOYMENT_TYPE,TEXT,,43
CrowdStrike,BOL_CROWDSTRIKE_OLD,EMAIL,TEXT,,44
CrowdStrike,BOL_CROWDSTRIKE_OLD,POD_ID,TEXT,,45
CrowdStrike,BOL_CROWDSTRIKE_OLD,POD_NAME,TEXT,,46
CrowdStrike,BOL_CROWDSTRIKE_OLD,POD_NAMESPACE,TEXT,,47
CrowdStrike,BOL_CROWDSTRIKE_OLD,POD_LABELS,TEXT,,48
CrowdStrike,BOL_CROWDSTRIKE_OLD,POD_ANNOTATIONS,TEXT,,49
CrowdStrike,BOL_CROWDSTRIKE_OLD,POD_IP4,TEXT,,50
CrowdStrike,BOL_CROWDSTRIKE_OLD,POD_IP6,TEXT,,51
CrowdStrike,BOL_CROWDSTRIKE_OLD,POD_HOSTNAME,TEXT,,52
CrowdStrike,BOL_CROWDSTRIKE_OLD,POD_HOST_IP4,TEXT,,53
CrowdStrike,BOL_CROWDSTRIKE_OLD,POD_HOST_IP6,TEXT,,54
CrowdStrike,BOL_CROWDSTRIKE_OLD,POD_SERVICE_ACCOUNT_NAME,TEXT,,55
CrowdStrike,BOL_CROWDSTRIKE_OLD,HOST_GROUPS,TEXT,,56
CrowdStrike,CROWDSTRIKE,HOSTNAME,TEXT,,1
CrowdStrike,CROWDSTRIKE,LAST_SEEN,TIMESTAMP_NTZ,,2
CrowdStrike,CROWDSTRIKE,FIRST_SEEN,TIMESTAMP_NTZ,,3
CrowdStrike,CROWDSTRIKE,PLATFORM,TEXT,,4
CrowdStrike,CROWDSTRIKE,OS_VERSION,TEXT,,5
CrowdStrike,CROWDSTRIKE,OS_BUILD,TEXT,,6
CrowdStrike,CROWDSTRIKE,OS_PRODUCT_NAME,TEXT,,7
CrowdStrike,CROWDSTRIKE,KERNEL_VERSION,TEXT,,8
CrowdStrike,CROWDSTRIKE,MODEL,TEXT,,9
CrowdStrike,CROWDSTRIKE,MANUFACTURER,TEXT,,10
CrowdStrike,CROWDSTRIKE,TYPE,TEXT,,11
CrowdStrike,CROWDSTRIKE,CHASSIS,TEXT,,12
CrowdStrike,CROWDSTRIKE,LAST_REBOOT,TIMESTAMP_NTZ,,13
CrowdStrike,CROWDSTRIKE,OU,TEXT,,14
CrowdStrike,CROWDSTRIKE,SITE,TEXT,,15
CrowdStrike,CROWDSTRIKE,PREVENTION_POLICY,TEXT,,16
CrowdStrike,CROWDSTRIKE,RESPONSE_POLICY,TEXT,,17
CrowdStrike,CROWDSTRIKE,SENSOR_UPDATE_POLICY,TEXT,,18
CrowdStrike,CROWDSTRIKE,USB_DEVICE_POLICY,TEXT,,19
CrowdStrike,CROWDSTRIKE,KUBERNETES_ADMISSION_CONTROL_POLICY,TEXT,,20
CrowdStrike,CROWDSTRIKE,HOST_ID,TEXT,,21
CrowdStrike,CROWDSTRIKE,LOCAL_IP,TEXT,,22
CrowdStrike,CROWDSTRIKE,CONNECTION_IP,TEXT,,23
CrowdStrike,CROWDSTRIKE,DEFAULT_GATEWAY_IP,TEXT,,24
CrowdStrike,CROWDSTRIKE,EXTERNAL_IP,TEXT,,25
CrowdStrike,CROWDSTRIKE,DOMAIN,TEXT,,26
CrowdStrike,CROWDSTRIKE,MAC_ADDRESS,TEXT,,27
CrowdStrike,CROWDSTRIKE,CONNECTION_MAC_ADDRESS,TEXT,,28
CrowdStrike,CROWDSTRIKE,STATUS,TEXT,,29
CrowdStrike,CROWDSTRIKE,CPUID,TEXT,,30
CrowdStrike,CROWDSTRIKE,SERIAL_NUMBER,TEXT,,31
CrowdStrike,CROWDSTRIKE,SENSOR_VERSION,TEXT,,32
CrowdStrike,CROWDSTRIKE,SENSOR_TAGS,TEXT,,33
CrowdStrike,CROWDSTRIKE,CLOUD_SERVICE_PROVIDER,TEXT,,34
CrowdStrike,CROWDSTRIKE,CLOUD_SERVICE_ACCOUNT_ID,TEXT,,35
CrowdStrike,CROWDSTRIKE,CLOUD_SERVICE_INSTANCE_ID,TEXT,,36
CrowdStrike,CROWDSTRIKE,cloud service zone/group,TEXT,,37
CrowdStrike,CROWDSTRIKE,KUBERNETES_CLUSTER_ID,TEXT,,38
CrowdStrike,CROWDSTRIKE,KUBERNETES_SERVER_GIT_VERSION,TEXT,,39
CrowdStrike,CROWDSTRIKE,KUBERNETES_SERVER_VERSION,TEXT,,40
CrowdStrike,CROWDSTRIKE,RFM,TEXT,,41
CrowdStrike,CROWDSTRIKE,LINUX_SENSOR_MODE,TEXT,,42
CrowdStrike,CROWDSTRIKE,DEPLOYMENT_TYPE,TEXT,,43
CrowdStrike,CROWDSTRIKE,EMAIL,TEXT,,44
CrowdStrike,CROWDSTRIKE,POD_ID,TEXT,,45
CrowdStrike,CROWDSTRIKE,POD_NAME,TEXT,,46
CrowdStrike,CROWDSTRIKE,POD_NAMESPACE,TEXT,,47
CrowdStrike,CROWDSTRIKE,POD_LABELS,TEXT,,48
CrowdStrike,CROWDSTRIKE,POD_ANNOTATIONS,TEXT,,49
CrowdStrike,CROWDSTRIKE,POD_IP4,TEXT,,50
CrowdStrike,CROWDSTRIKE,POD_IP6,TEXT,,51
CrowdStrike,CROWDSTRIKE,POD_HOSTNAME,TEXT,,52
CrowdStrike,CROWDSTRIKE,POD_HOST_IP4,TEXT,,53
CrowdStrike,CROWDSTRIKE,POD_HOST_IP6,TEXT,,54
CrowdStrike,CROWDSTRIKE,POD_SERVICE_ACCOUNT_NAME,TEXT,,55
CrowdStrike,CROWDSTRIKE,HOST_GROUPS,TEXT,,56
CrowdStrike,CROWDSTRIKE,LAST_LOGGED_IN_USER_ACCOUNT,TEXT,,57
CrowdStrike,CROWDSTRIKE,LAST_USER_ACCOUNT_LOGIN,TIMESTAMP_NTZ,,58
CrowdStrike,CROWDSTRIKEVERSIONS,VERSION,TEXT,,1
CrowdStrike,CROWDSTRIKEVERSIONS,SUPPORT_DATE,TEXT,,2
CrowdStrike,CROWDSTRIKE_ENDPOINTS,HOST_ID,TEXT,,1
CrowdStrike,CROWDSTRIKE_ENDPOINTS,HOSTNAME,TEXT,,2
CrowdStrike,CROWDSTRIKE_ENDPOINTS,PLATFORM,TEXT,,3
CrowdStrike,CROWDSTRIKE_ENDPOINTS,OS_VERSION,TEXT,,4
CrowdStrike,CROWDSTRIKE_ENDPOINTS,OS_PRODUCT_NAME,TEXT,,5
CrowdStrike,CROWDSTRIKE_ENDPOINTS,LAST_SEEN,TIMESTAMP_NTZ,,6
CrowdStrike,CROWDSTRIKE_ENDPOINTS,FIRST_SEEN,TIMESTAMP_NTZ,,7
CrowdStrike,CROWDSTRIKE_ENDPOINTS,SENSOR_VERSION,TEXT,,8
CrowdStrike,CROWDSTRIKE_ENDPOINTS,STATUS,TEXT,,9
CrowdStrike,CROWDSTRIKE_ENDPOINTS,CLOUD_PROVIDER,TEXT,,10
CrowdStrike,CROWDSTRIKE_ENDPOINTS,LAST_LOGGED_IN_USER,TEXT,,11
CrowdStrike,CROWDSTRIKE_ENDPOINTS,LAST_USER_LOGIN,TIMESTAMP_NTZ,,12
CrowdStrike,CROWDSTRIKE_ENDPOINTS,IS_ACTIVE,BOOLEAN,,13
CrowdStrike,CROWDSTRIKE_ENDPOINTS,LOAD_TIMESTAMP,TIMESTAMP_LTZ,,14
CrowdStrike,CROWDSTRIKE_VERSIONS,VERSION,TEXT,,1
CrowdStrike,CROWDSTRIKE_VERSIONS,SUPPORT_DATE,DATE,,2
CrowdStrike,CROWDSTRIKE_VERSIONS,IS_LATEST,BOOLEAN,,3
CrowdStrike,CROWDSTRIKE_VERSIONS,DAYS_UNTIL_EOL,NUMBER,,4
CrowdStrike,DIM_CROWDSTRIKE_ENDPOINTS,HOST_ID,TEXT,,1
CrowdStrike,DIM_CROWDSTRIKE_ENDPOINTS,HOSTNAME,TEXT,,2
CrowdStrike,DIM_CROWDSTRIKE_ENDPOINTS,PLATFORM,TEXT,,3
CrowdStrike,DIM_CROWDSTRIKE_ENDPOINTS,OS_VERSION,TEXT,,4
CrowdStrike,DIM_CROWDSTRIKE_ENDPOINTS,OS_PRODUCT_NAME,TEXT,,5
CrowdStrike,DIM_CROWDSTRIKE_ENDPOINTS,LAST_SEEN,TIMESTAMP_NTZ,,6
CrowdStrike,DIM_CROWDSTRIKE_ENDPOINTS,FIRST_SEEN,TIMESTAMP_NTZ,,7
CrowdStrike,DIM_CROWDSTRIKE_ENDPOINTS,SENSOR_VERSION,TEXT,,8
CrowdStrike,DIM_CROWDSTRIKE_ENDPOINTS,STATUS,TEXT,,9
CrowdStrike,DIM_CROWDSTRIKE_ENDPOINTS,CLOUD_PROVIDER,TEXT,,10
CrowdStrike,DIM_CROWDSTRIKE_ENDPOINTS,LAST_LOGGED_IN_USER,TEXT,,11
CrowdStrike,DIM_CROWDSTRIKE_ENDPOINTS,LAST_USER_LOGIN,TIMESTAMP_NTZ,,12
CrowdStrike,DIM_CROWDSTRIKE_ENDPOINTS,IS_ACTIVE,BOOLEAN,,13
CrowdStrike,DIM_CROWDSTRIKE_ENDPOINTS,LOAD_TIMESTAMP,TIMESTAMP_LTZ,,14
CrowdStrike,DIM_CROWDSTRIKE_VERSIONS,VERSION,TEXT,,1
CrowdStrike,DIM_CROWDSTRIKE_VERSIONS,SUPPORT_DATE,DATE,,2
CrowdStrike,DIM_CROWDSTRIKE_VERSIONS,IS_LATEST,BOOLEAN,,3
CrowdStrike,DIM_CROWDSTRIKE_VERSIONS,DAYS_UNTIL_EOL,NUMBER,,4
CrowdStrike,HIST_CROWDSTRIKE_ENDPOINTS,CHANGE_TIMESTAMP,TIMESTAMP_LTZ,,1
CrowdStrike,HIST_CROWDSTRIKE_ENDPOINTS,CHANGE_TYPE,TEXT,,2
CrowdStrike,HIST_CROWDSTRIKE_ENDPOINTS,HOST_ID,TEXT,,3
CrowdStrike,HIST_CROWDSTRIKE_ENDPOINTS,ORIGINAL_ROW,VARIANT,,4
CrowdStrike,HIST_CROWDSTRIKE_ENDPOINTS,NEW_ROW,VARIANT,,5
CrowdStrike,HIST_CROWDSTRIKE_VERSIONS,CHANGE_TIMESTAMP,TIMESTAMP_LTZ,,1
CrowdStrike,HIST_CROWDSTRIKE_VERSIONS,CHANGE_TYPE,TEXT,,2
CrowdStrike,HIST_CROWDSTRIKE_VERSIONS,VERSION,TEXT,,3
CrowdStrike,HIST_CROWDSTRIKE_VERSIONS,ORIGINAL_ROW,VARIANT,,4
CrowdStrike,HIST_CROWDSTRIKE_VERSIONS,NEW_ROW,VARIANT,,5
CrowdStrike,L_CROWDSTRIKE_RAW,INGESTION_TIMESTAMP,TIMESTAMP_LTZ,,1
CrowdStrike,L_CROWDSTRIKE_RAW,SOURCE_FILE_NAME,TEXT,,2
CrowdStrike,L_CROWDSTRIKE_RAW,SOURCE_FILE_ROW_NUMBER,NUMBER,,3
CrowdStrike,L_CROWDSTRIKE_RAW,RAW_DATA,VARIANT,,4
CrowdStrike,L_CROWDSTRIKE_RAW,METADATA,VARIANT,,5
CrowdStrike,VW_CROWDSTRIKE_COMPLIANCE,REPORT_DATE,TIMESTAMP_NTZ,,1
CrowdStrike,VW_CROWDSTRIKE_COMPLIANCE,INACTIVE_ENDPOINTS,NUMBER,,2
CrowdStrike,VW_CROWDSTRIKE_COMPLIANCE,UNSUPPORTED_VERSIONS,NUMBER,,3
CrowdStrike,VW_CROWDSTRIKE_COMPLIANCE,UNSUPPORTED_OS,NUMBER,,4
CrowdStrike,VW_CROWDSTRIKE_REPORT,HOSTNAME,TEXT,,1
CrowdStrike,VW_CROWDSTRIKE_REPORT,PLATFORM,TEXT,,2
CrowdStrike,VW_CROWDSTRIKE_REPORT,OS_PRODUCT_NAME,TEXT,,3
CrowdStrike,VW_CROWDSTRIKE_REPORT,SENSOR_VERSION,TEXT,,4
CrowdStrike,VW_CROWDSTRIKE_REPORT,VERSION_EOL,DATE,,5
CrowdStrike,VW_CROWDSTRIKE_REPORT,LAST_SEEN,TIMESTAMP_NTZ,,6
CrowdStrike,VW_CROWDSTRIKE_REPORT,STATUS,TEXT,,7
CrowdStrike,VW_CROWDSTRIKE_REPORT,IS_ACTIVE,BOOLEAN,,8
CrowdStrike,VW_CROWDSTRIKE_REPORT,VERSION_STATUS,TEXT,,9
